Date,Time,PM2.5,PM10,CO,Temperature (Celsius),Humidity (%),AQI
2023-01-01,22:9,28.764117762253562,86.55757299118261,9.633301848569744,21.28275852361358,78.30611262091386,41
2023-01-02,5:6,41.47251180723044,19.03868981908914,1.1627881832128484,-9.910280859113541,27.3868654709507,20
2023-01-03,19:15,149.49308280467503,145.07681054913385,6.464694409844938,24.986302509710576,21.136801533642135,100
2023-01-04,12:16,113.39859580381162,67.16519470876541,3.457812365945551,-3.6197162887364023,50.96429496330427,61
2023-01-05,19:28,159.58465277676956,183.96140393178524,7.947143100260429,4.841016511720106,40.83733184828034,117
2023-01-06,4:27,42.244913930700534,99.15410649450435,2.7874866670389506,27.71773368451982,54.61144676337011,48
2023-01-07,0:45,163.42018998153887,168.39117332793953,1.4040273216367394,-6.03161632195952,28.908082403309194,111
2023-01-08,13:38,23.070230961631054,12.290052709937394,5.842801655731322,18.557548888578257,31.46713890803712,13
2023-01-09,2:4,56.206071151425796,148.90819130724051,3.674883465337074,9.747713127283081,76.86118555746695,69
2023-01-10,10:57,35.19201757468409,163.81393751029918,2.43275886747183,7.315428206622286,70.56441176845502,67
2023-01-11,7:12,32.09614877352529,132.38510717132326,9.619521748865584,27.095910368677643,36.144971902751834,58
2023-01-12,21:43,153.15653885228875,276.55803530733505,3.36614521076965,4.287319520340578,71.01664920599463,144
2023-01-13,16:26,69.29549778994956,162.84014202026904,1.8151428090846244,33.09430780235177,24.473045599881424,77
2023-01-14,10:51,170.4289901836086,169.43376659145167,6.457518700993875,30.78265373776992,67.38587842664559,115
2023-01-15,9:50,66.48020332963576,239.70156553479998,7.072175488498259,14.46680022503038,59.93406234531195,104
2023-01-16,20:23,27.475728250154873,237.6737519706424,5.808328855355844,12.906590513164282,60.99078054591834,90
2023-01-17,16:0,26.308400717345215,219.34961484457435,8.267670881594253,5.589745439164014,41.83798219432603,84
2023-01-18,9:56,110.05987408134332,49.66119538516085,6.630845446734105,16.466741580312846,41.08932702120077,55
2023-01-19,23:11,146.77460656413868,165.063329841631,2.905046391246321,-0.6975678766403419,74.16322582612787,104
2023-01-20,16:6,181.73506114426047,124.70125936435285,0.26413047673830237,8.960726121705598,46.26176167204279,102
2023-01-21,16:44,130.20893634413554,76.9574506755676,8.779272712204827,15.270130514793543,31.098469441135954,71
2023-01-22,20:54,92.46636509747941,31.305663003031892,0.41372533723772364,31.54944912682172,49.1805794207656,41
2023-01-23,20:32,133.95156038373003,238.64002251194003,1.9064924419908202,29.850609931224213,31.899818261998192,124
2023-01-24,16:11,52.104862107896956,228.81909799811885,9.2232741752557,19.67032185832444,75.13997720357031,96
2023-01-25,9:35,21.9481935411199,286.4533713898185,9.81792023474329,28.23006528531483,51.17094396223486,106
2023-01-26,23:41,121.61726111429283,61.460324333210416,6.640823545998585,9.591781328802274,74.01153142592236,63
2023-01-27,17:27,176.15077367024827,189.97544953134852,9.788727348151358,4.0586639525052455,36.933018870527306,125
2023-01-28,1:6,158.32285642932885,214.16997713063088,1.6071262405475728,-2.8909176326172306,68.51065666957504,124
2023-01-29,15:5,167.37261192699054,286.68007770480204,5.4042011147974325,-7.250455842461292,24.22664081014572,153
2023-01-30,4:45,40.18652198065933,136.78912360384666,6.45446500769525,34.63900399464575,52.02000975902287,61
2023-01-31,13:50,22.26951604016387,43.84787487039318,6.635303519061609,9.901713065563012,71.54827901589988,24
2023-02-01,21:16,127.01484290510727,234.96957605863938,6.478212457622849,19.55822171859912,26.568047917574333,122
2023-02-02,15:15,130.23421945993806,41.61484533548335,3.5563246290309856,2.9343588373942797,31.310034877823135,58
2023-02-03,14:39,81.02320607197326,162.88476044966444,5.403237352528785,0.4868889506466445,37.08814631644216,83
2023-02-04,14:0,15.498534121816876,190.5665476260343,8.833586300652343,15.540878891895893,60.460860286236425,71
2023-02-05,14:29,133.44986961202886,114.24695472790192,3.6586000573704816,29.61361718240095,76.31927786157135,83
2023-02-06,12:11,56.797977962026856,226.6389704256996,1.118458139550892,10.033695082247945,75.58398817382121,94
2023-02-07,21:52,142.74616847957302,195.61264185172104,2.8288759791930373,34.10085450077729,47.45337693110919,113
2023-02-08,14:28,127.13617461277053,294.5999649429984,7.909041826848537,16.950136464457,41.607244527562415,143
2023-02-09,9:33,137.39786249640778,248.50711885071135,2.125172515502115,7.245493493309308,37.138302974866434,129
2023-02-10,1:7,116.31569301866682,200.89613537038423,7.553308667734386,31.20353021892607,59.98217060341564,108
2023-02-11,8:41,72.07893418316826,169.87087948678226,4.623476317196444,27.85056817921315,68.51648730319047,82
2023-02-12,2:13,7.407388140816473,291.1288408636289,1.7809538257197088,33.054958876840985,62.53904504244523,100
2023-02-13,15:42,58.9633141131626,17.4725600465773,7.762262450785835,-6.753553044695351,61.93097963652299,28
2023-02-14,13:45,158.63432140784994,165.15031723884482,5.465772202136873,31.659490635692805,46.21037400973505,109
2023-02-15,21:29,138.3658383347406,135.14179637140828,3.6201066207024013,15.23952923030921,63.62636214126786,92
2023-02-16,21:6,88.78309282858163,58.59284547032504,1.4173827732328004,9.948424487479109,43.05915461882384,49
2023-02-17,22:3,177.50684694346455,192.75191162408925,9.674385252649033,5.407950100020749,35.47591568562905,126
2023-02-18,3:1,94.61951544633831,206.52199449074203,8.990531656817003,-5.52810986560224,23.88247188376632,103
2023-02-19,11:30,77.99904607530665,244.2488585505866,6.699960511121903,15.402871245238266,69.73437243192586,109
2023-02-20,1:54,149.4484157454137,153.0844672867491,1.0932772128129598,17.176636209912875,24.812109785731394,101
2023-02-21,16:17,54.36218699799136,48.97544908763405,8.934329869715402,10.336250247712009,54.55200792537463,37
2023-02-22,5:1,141.35848503523752,168.0855165394527,8.14473243003186,-0.33428652762180455,36.20336855978572,105
2023-02-23,23:47,141.66553144997033,294.5746683254009,8.198173532414609,-6.54098531057447,48.6809900145949,148
2023-02-24,14:47,99.92203613472883,235.11440652790873,4.8153872969683045,9.702682089533969,59.7177716074543,113
2023-02-25,10:49,48.165858416982466,154.64186889715998,7.622066179978133,20.779707725812756,49.24863781855968,70
2023-02-26,11:10,165.0663772813478,269.7379443149318,4.426860005798542,30.293748488195718,43.77290870913991,146
2023-02-27,1:17,185.2663554723594,193.87233686119345,5.414006989012705,8.617314223792054,61.242028367483286,128
2023-02-28,20:34,81.65316038395257,224.54185979623767,7.855998833294699,1.7312601803936882,78.7357079770561,104
2023-03-01,21:53,58.74352598367862,256.70167300485167,4.968229770312073,28.75754167009837,30.37838386771942,106
2023-03-02,17:26,199.1240761298355,174.11368813938213,3.489090017035962,34.85604368029769,49.81135365435544,125
2023-03-03,7:4,58.717378501487815,46.96769899930398,8.924707478906836,26.695172092316348,63.39503692920294,38
2023-03-04,15:36,178.59636590769335,87.04390855576789,5.654893281691859,29.259470759350563,57.24236548120665,90
2023-03-05,21:45,192.20251335723023,188.53764885266548,0.40365844199217515,24.513179250301256,66.17363112364663,127
2023-03-06,13:22,166.98476859340144,19.777527891528624,7.93344656592903,-5.0267429057971285,75.46157726897945,64
2023-03-07,1:41,165.2052590248807,129.55804409654596,7.763164745895579,30.219962488223658,20.4588909554403,100
2023-03-08,5:58,7.042772036326972,145.77192173678748,3.0621115540179433,33.15081854867437,41.25669738606733,51
2023-03-09,8:26,171.28171417592188,136.69673556339762,7.340613790206254,25.369205270622146,63.504917400957886,105
2023-03-10,19:22,105.49473815118617,169.2669056954277,7.229794581887456,12.9367051343154,59.33442992575374,93
2023-03-11,22:44,199.1428163014469,204.87988190487874,1.28545322136433,25.388854725896678,46.409841994623605,135
2023-03-12,9:15,29.174374151771133,214.80275396949037,5.002362755179109,4.784001662553056,45.11637577996135,82
2023-03-13,23:50,49.03712696312916,1.6357212508733787,9.799806680403215,26.813768871249906,30.653606209496616,20
2023-03-14,7:28,75.29681041113365,196.33684402296305,6.710061832778301,-0.09506084420238459,34.51722618727236,92
2023-03-15,19:46,50.28136355159665,102.30408706726871,5.686086780479805,24.53474507727833,73.78384010455412,52
2023-03-16,19:42,144.8260252288616,174.96301039996044,0.2646299495951687,20.97061526828537,55.41110216298217,106
2023-03-17,18:39,149.6085123225895,284.3146029508452,9.568165850602972,8.196345887332662,31.09411848071078,147
2023-03-18,18:51,124.87602424370507,101.57042892095842,4.1484856016120295,27.13449518340382,77.02700470865415,76
2023-03-19,16:29,117.18757313970893,227.9079771776993,4.029993346426086,12.268632114112833,48.27195271072884,116
2023-03-20,7:54,146.4960252102707,293.04801625003876,5.641699711427305,-6.790789670504839,79.87517116574034,148
2023-03-21,10:34,66.64360160714595,85.68153678488144,9.485302611293978,11.194813943239811,62.0603806375739,53
2023-03-22,3:24,50.392064087843444,38.91002348010867,7.239946956796643,28.530264013044864,67.40969588594012,32
2023-03-23,9:46,170.18779997113262,117.18770086376286,3.49907065112348,-0.5393394774792775,54.560119154405164,96
2023-03-24,0:38,149.83640959312962,35.20866197010694,1.8065561262219476,-8.176909842295766,46.15040002050584,62
2023-03-25,8:58,144.73356778886327,257.29487160399975,2.27446812445391,21.922560133958395,22.876683277274317,134
2023-03-26,20:9,167.364233932332,277.5876381849308,3.982482524128428,-3.547785232185131,44.10344651226616,149
2023-03-27,15:25,4.368338517673043,40.46946331428567,2.3079443711831082,19.61448837485439,77.90649310441995,15
2023-03-28,16:58,111.41451638276168,201.7675587220423,2.725738310045519,17.50115161021352,71.53510249121365,105
2023-03-29,14:46,102.56555074519555,120.17556942604314,9.128844429259795,34.327479500382026,29.004841741422453,77
2023-03-30,21:17,197.6098338906322,128.1771652667728,9.916853991579604,14.170404571452817,78.07512199227443,111
2023-03-31,9:45,57.20345109815088,17.068324810102318,7.594446678585967,22.61081881764079,29.215677916101598,27
2023-04-01,18:56,158.01145085152632,288.94749033452524,9.443129381186072,0.7084961123549789,49.61256766840407,152
2023-04-02,5:15,86.57432026439949,211.2445033192499,4.006441254632961,4.307058295363509,78.11657088645686,100
2023-04-03,6:49,194.71480561579747,145.5218906605659,6.1859178336294125,17.517069521184858,60.64661728411647,115
2023-04-04,0:45,99.06075519915143,251.56048986970373,6.003621601030133,-2.3632455921335733,65.53767229890154,118
2023-04-05,11:38,25.112173210165366,71.00406761836611,4.290819915175575,5.209994918340616,71.38127723616243,33
2023-04-06,15:27,13.70894563822176,175.98393262841935,1.7870572121632855,-6.675798060687744,65.77430776718467,63
2023-04-07,2:7,23.307980175203525,284.99485900328114,8.4083162420504,21.668358272467117,47.73441929335677,105
2023-04-08,20:20,40.717097044664555,77.35124572559585,4.092458218685091,-8.417508712709909,73.68228070176376,40
2023-04-09,3:48,163.99065051723832,174.4808461916756,3.520146264449102,-4.128339126510764,43.728970513515605,113
2023-04-10,0:8,125.97756537091965,87.29599288736424,1.007036663162545,18.60991217183756,29.94190430412701,71
2023-04-11,16:9,158.5736875925139,185.2771874912616,8.61859329623324,-5.191768981718542,66.63818427536516,117
2023-04-12,10:1,152.17489743478038,215.80858137724312,5.952148832866152,0.7115313736580617,49.57087776018106,124
2023-04-13,19:42,166.3299184014032,43.371513067406184,8.84297859143202,-4.703046747458835,28.052474711164848,72
2023-04-14,20:57,178.9288287379747,147.78979481356507,6.40144518725278,8.377140284304915,23.273451609076474,111
2023-04-15,14:43,15.773298490510545,294.96909709080444,6.935593268077102,22.420877377162412,73.82734576764344,105
2023-04-16,21:8,91.64609085787451,295.82043038895165,5.1426433365185105,-1.5340364713861998,32.19407833718691,130
2023-04-17,1:9,43.82491282117229,39.155588048082215,3.6589252010950633,18.319175811612226,31.312926908751873,28
2023-04-18,3:55,123.30818721802343,291.3061510045626,2.4406658900818448,21.78439596094955,46.36306534548439,139
2023-04-19,5:11,191.6144549105784,103.57036653001562,7.2327977395741305,34.73093517623334,57.29946490371313,100
2023-04-20,5:29,157.30874857962993,27.860499365095905,6.496949734117327,-1.4395689978807678,77.02325472835021,63
2023-04-21,21:13,108.46654629337186,217.0159939561834,6.6467929298838255,32.361089762262466,47.77275226860626,110
2023-04-22,14:2,143.9192695565324,74.66333122401294,2.823326837457707,5.876947746877928,76.21050800902694,73
2023-04-23,5:36,82.57469008741118,252.9572711178966,7.309951206304866,-5.749172539270455,26.700523700540895,114
2023-04-24,16:10,34.145387555599996,162.7817971769944,0.6220144959188478,17.032488081271477,66.33754951766534,65
2023-04-25,9:39,70.43995927866898,50.223089072915926,7.684163908178881,-3.3959891717104362,33.595471539677284,42
2023-04-26,5:3,154.1789965890692,66.85782574555591,2.6674295208692236,26.339875835239546,65.73954783923965,74
2023-04-27,12:36,97.9442442736749,70.00212579771798,7.565205851095498,3.4783000331694716,71.73737651671291,58
2023-04-28,6:58,58.81888152232604,25.326944761855998,4.108955342543247,19.33088895909771,37.88846763271918,29
2023-04-29,3:2,190.102872365196,58.08836999241539,2.560768947048153,12.134887109184902,55.33847389246195,83
2023-04-30,18:13,28.817633817992473,140.63426478087752,0.9288061919006529,-6.637173569939252,56.82770461420056,56
2023-05-01,23:9,186.94144919513178,6.613083194123515,7.2503282613744,28.561721401641137,25.04509367583138,66
2023-05-02,6:54,113.91242292269355,67.17279737719349,7.737128730467213,24.979308216494765,34.81050608389285,62
2023-05-03,13:37,111.87578717711084,125.4574166492061,2.709613732628716,2.179025236871304,32.94598102827318,80
2023-05-04,5:20,22.922947443762332,198.02910204005684,3.5578088645830928,15.723855938302354,21.17367397912203,74
2023-05-05,8:12,74.2222793337176,93.80523741533412,0.4888559573154494,25.089795381076364,79.00034528545672,56
2023-05-06,15:45,76.14607851000395,91.12200832798713,0.6988589839649395,8.984454727031093,56.02282616876709,55
2023-05-07,22:6,107.22523497581984,153.49318841298944,4.033789401134684,6.821028907149351,63.23352481198216,88
2023-05-08,13:31,187.80380020273432,149.02627481978737,9.569564834113658,18.049754073616075,65.68994119677185,115
2023-05-09,6:33,194.99427837279057,260.16532954440646,0.8887373481306049,7.520307789334918,55.439860415700764,152
2023-05-10,11:22,95.61253468636477,27.375927634733678,6.651546533768309,30.858251825396643,77.45626963989088,43
2023-05-11,9:43,75.10531404223286,200.8030070162065,1.0628968414529993,25.368503972849993,49.64052920478716,92
2023-05-12,1:11,39.575699627115156,247.01753046760575,8.401968584602676,3.5321076968795317,65.81680076663417,98
2023-05-13,3:42,102.75888544244367,39.818103758574864,6.39049925938893,23.37803045034085,59.52222574724145,49
2023-05-14,23:30,167.51406468440578,208.5635809636853,8.96953235649148,17.75828716394944,41.23209919264554,128
2023-05-15,11:39,0.3527751834140336,248.60369245235503,4.725449529608918,13.946718883597452,35.63231255230688,84
2023-05-16,0:18,20.408602793683993,114.41674956555602,7.743687920835209,-3.252118570327818,69.70807736852642,47
2023-05-17,8:26,60.959907419432824,62.246336540907585,6.288780834574074,6.457956607581082,47.370215643651235,43
2023-05-18,12:31,66.02213826527954,123.07956504164646,6.716613933605558,18.453891493801425,27.92774816610379,65
2023-05-19,16:27,10.31460642753077,87.22578274072512,4.808737530930375,7.450546079359906,29.22872818267463,34
2023-05-20,9:4,88.9686847409906,241.0817409208407,8.02594816052977,10.287302176222092,22.12146121924864,112
2023-05-21,14:24,180.45318410772245,278.24078369896836,9.054906121179606,-8.552579041095234,70.96153063522686,155
2023-05-22,11:22,142.90964439012077,221.20961907897353,4.78691415700575,17.637903195353317,69.15371071485995,122
2023-05-23,17:58,20.384077244978304,65.30252540393032,7.088039078774626,10.168236013538063,72.66081249669087,30
2023-05-24,15:3,112.91775851056846,74.79199965175104,1.5518600086682777,-3.4145174916487173,50.12414301031307,63
2023-05-25,15:25,191.96375743023216,130.88420070607935,0.13647831130288446,-1.719511830669438,54.14859446502363,107
2023-05-26,23:59,68.22669049531756,260.1613857878172,1.7959781499987626,32.097176503812484,73.594747580325,110
2023-05-27,17:47,18.277378039469404,86.68055938524701,8.253949715019512,34.15035137352199,29.57964711485623,37
2023-05-28,19:55,177.4949842963619,15.747586903927802,6.271987393781622,-9.61383504072496,47.797329474073564,66
2023-05-29,23:7,31.57384194108466,36.32006331645235,4.1844971753164995,-5.94036801137512,65.12134354055212,24
2023-05-30,0:59,17.07759000833122,137.79588656683833,4.33705916405261,22.057440702316427,49.48117732961954,53
2023-05-31,5:22,135.30029585284464,80.70866481029924,6.676664765522393,21.328489645045778,52.435667225323684,74
2023-06-01,13:6,88.1537351912017,250.71654732834952,1.1545747138673645,19.225849921463674,60.18257499542057,113
2023-06-02,19:18,170.28995246581903,212.59932830210366,0.21434195631384823,12.864563484177005,20.399279556412015,127
2023-06-03,1:54,74.22972240003706,116.58130544784846,5.649759911306492,30.187061541004404,28.603958989903255,65
2023-06-04,14:30,64.0465695596917,167.99510320958913,3.2756328308466554,-5.922202409840466,52.69716967735581,78
2023-06-05,6:17,134.48040051775888,184.09720456812735,7.882636471415555,10.573462098957204,54.14115351840921,108
2023-06-06,18:9,65.06685070550037,210.7765460533373,8.966746806542936,13.91635763945622,43.29786779890628,94
2023-06-07,10:9,36.09349020556836,44.44176107250279,7.86108610976442,-1.684594149876176,43.005860344757906,29
2023-06-08,19:29,50.07386486525511,278.29461559862165,3.596565253349302,23.812007626451425,32.53164885530374,110
2023-06-09,21:24,94.4908616098122,280.66693537303973,9.343638124557456,6.0439203007410605,34.18525019925899,128
2023-06-10,21:23,179.1362046563036,184.32106704676693,1.4048783272357168,7.459448566725733,64.48945505586087,121
2023-06-11,11:23,17.655871240110343,229.9110028465495,7.430009003991285,-5.231588659813461,41.26461399972645,84
2023-06-12,23:46,61.445480728208324,62.68200135941528,1.6637834925065398,10.695556998908472,57.91700191558889,41
2023-06-13,6:43,193.36761675402423,123.3488822948878,4.972464826262249,-7.583082197221723,22.747516223037106,107
2023-06-14,1:19,155.4840229541995,6.640326330611002,4.609216744989539,1.951398752028748,57.456785510817674,55
2023-06-15,4:36,141.27878561314515,5.114603810793228,8.390033274972456,4.541281112786471,23.537104139139515,51
2023-06-16,2:14,166.15038548552062,69.71655872952873,6.965191489369786,28.836992975164407,70.07269329101791,80
2023-06-17,21:25,190.60615188246953,165.2582480855111,1.54065550914954,3.0528354817092005,23.15012836258721,119
2023-06-18,7:10,182.1066473091767,33.643794005748326,8.16922326887605,7.9498161249817265,30.611410092637673,74
2023-06-19,19:20,102.33022308751309,254.21211078803728,7.552375024513588,27.51351148222613,56.39804643491373,121
2023-06-20,14:30,123.65347383460646,182.2163510387073,8.484789527259093,34.052655979458784,71.08598933508875,104
2023-06-21,3:12,81.66068404925615,106.09012378274586,0.5122827768832361,33.40471246212904,47.24020239579846,62
2023-06-22,10:44,72.62299188700663,66.98147902046298,9.2101912354999,4.313196811545119,30.39131907209117,49
2023-06-23,12:48,143.65823963613423,162.52397799070866,5.584316766426727,8.05435048596041,73.03484415861851,103
2023-06-24,3:55,0.6485662837471429,194.92904894593437,3.32704320126291,18.19247736373091,72.54069532579706,66
2023-06-25,16:48,191.05408085060787,127.84731047092436,1.3193744372975313,12.445715308135192,61.09577914578678,106
2023-06-26,19:2,145.91712464329092,155.0176464241277,5.97616507094774,-0.4923025737350777,67.60391471776916,102
2023-06-27,6:24,28.668546796433738,294.39535305880895,5.0714211894822325,-9.813909025806941,61.148046426127195,109
2023-06-28,16:8,2.2384418526413707,292.78198114591936,7.695159627602117,5.764704667849422,64.38248440381652,100
2023-06-29,13:42,17.084442477136918,51.7855423371282,2.792479433055858,5.950883217574518,59.30343939079994,23
2023-06-30,8:32,117.22562884511267,277.85297104280534,3.032616745234926,-7.323542296577357,68.9346630158266,132
2023-07-01,7:32,82.35084199591694,214.47051283545989,0.6579410412900877,0.26202067694117126,39.26490546167771,99
2023-07-02,19:10,24.54724175459775,70.39378804799645,2.2746726264056005,31.1541991238823,42.1639846468257,32
2023-07-03,8:0,114.6495680614002,91.13087230195156,5.047759281046567,9.513660623100865,57.01308256628314,70
2023-07-04,18:20,93.74799489539438,218.2476103463299,7.933337221293274,5.293080697999226,48.191208348183245,106
2023-07-05,21:58,135.39605562905294,137.18035594621392,4.48824441252467,16.93120413687543,70.60357116674902,92
2023-07-06,16:22,136.3314312031279,92.31757688347413,6.266503169646827,29.253970794562093,43.145478464233705,78
2023-07-07,19:24,132.48038243835654,62.665371573715255,4.519363360381302,17.794377993234146,60.899563111951174,66
2023-07-08,1:5,120.32889164456739,267.5824816672856,8.071337811569698,13.63020884505195,74.80619946734498,131
2023-07-09,6:55,21.133652070362153,26.006457757022826,6.228175287477019,18.70182360393985,65.14799168846031,17
2023-07-10,15:39,84.16777617286711,115.99859920035243,4.730164941116255,-8.912223261171498,73.31032800669395,68
2023-07-11,18:2,70.05250191363281,289.48094418286644,2.111163482164138,-2.7484245539170002,31.249154133359482,120
2023-07-12,18:40,190.54355835044026,89.71047787443631,1.9953084493294027,20.037932701896306,77.40531361580082,94
2023-07-13,22:36,85.05101203466985,238.1925629700097,6.301333938764473,7.808413290454062,30.068631921290905,109
2023-07-14,1:30,24.476911917186726,149.52594970918136,4.465065377444657,11.95769448243674,65.84873595585366,59
2023-07-15,2:45,67.67434177289293,273.62703447821883,8.576193573225282,32.5602942008816,74.01264901893774,116
2023-07-16,6:36,178.65080444918257,21.922887500604602,5.508653631131425,24.001643438884877,72.8072540116032,68
2023-07-17,4:52,18.011455932368815,108.85077648721293,9.622179568660604,18.031626854824708,51.741790813457854,45
2023-07-18,18:19,93.49174024255753,124.43139925555332,1.342772935754205,-9.013976248293739,56.8052745541315,73
2023-07-19,9:3,7.172412618287538,299.6624815049064,8.188711177694634,6.506731716171625,21.963518808215333,105
2023-07-20,22:59,185.3209450841977,196.63045330868502,7.976557028580916,26.013416749420777,23.37576174430167,129
2023-07-21,2:8,158.82640576523698,145.72127524996034,2.418928790051411,-0.45481357240784526,49.92843825124831,102
2023-07-22,16:57,125.45669657552656,82.45547269384521,4.820196948883808,1.1058025683302883,34.883807449172124,70
2023-07-23,5:8,158.55910311029794,42.855846322036896,2.004418685028624,27.823508995740376,41.447570076855754,67
2023-07-24,6:24,178.7249522091329,70.13495897739496,6.138997603753983,32.7440909791112,34.57725431940976,84
2023-07-25,5:28,6.360633258611514,247.34354419492718,5.567932900873132,18.567676198822664,63.902699817927974,86
2023-07-26,14:29,81.16343975558422,197.63951701495535,6.401687874044435,10.483491262357788,63.889922354629526,95
2023-07-27,21:36,161.43948664443798,83.00323984255765,4.993965707036535,-2.9812015736815365,63.56905427076332,83
2023-07-28,5:57,33.64154724133404,243.2106207879248,6.43716430296036,11.961382167602505,49.92236537114726,94
2023-07-29,14:39,103.04851367435917,239.3659234785569,5.061794363967675,7.757092406194278,21.396080454225835,115
2023-07-30,9:52,164.76929335712512,209.31620148739196,1.317891360556639,2.0237264174953484,78.98207678978136,125
2023-07-31,12:35,47.131774803647005,247.94137144726596,3.9865576888009144,4.140149340770229,23.72378975209653,99
2023-08-01,19:47,54.85833875242881,98.53541632331633,4.145427992561887,11.45067814819037,47.82868464350344,52
2023-08-02,1:33,72.48329758716778,167.3497120668933,0.7790695396829328,19.022174269969806,38.79070307054559,80
2023-08-03,2:23,0.5996909669597095,10.367517254833835,3.5837714576877886,32.57565374358838,77.17574020375545,4
2023-08-04,2:50,56.97020142689946,186.80100281236943,6.431808793499294,13.264114116662707,32.05357926296163,83
2023-08-05,13:59,188.4934131191698,86.20028888589466,6.597422692976299,24.513002566775178,39.556886244920975,93
2023-08-06,1:4,77.23189573620685,32.15949472916088,7.54128745910259,-6.965300955186483,75.81859092365681,38
2023-08-07,3:49,167.04229137852778,183.14734174074985,5.450076435995958,-0.7229224350767609,71.80525741346054,118
2023-08-08,10:38,159.16063000264774,270.47511572697385,8.791228619130036,20.74251369837271,50.44154864744509,146
2023-08-09,2:57,143.76876537335258,132.04137248814524,7.624265121277263,-2.488392513315553,79.36843424839466,94
2023-08-10,21:10,120.24201638306573,176.6236449869934,1.122652357936177,19.487321103092057,46.85943302145047,99
2023-08-11,18:15,167.3524800935539,243.45755485749942,5.097935603100549,15.172367377146752,49.24558149798506,138
2023-08-12,11:20,181.82366939694737,121.87501024508704,5.497131522128481,25.805155660572233,30.637837486762546,103
2023-08-13,6:12,138.1869667580756,141.28330911700408,4.695535808796757,33.69284484120991,40.69889417690455,94
2023-08-14,20:0,51.09524316464486,65.25803235845241,5.259948190157924,27.67521944941739,49.569030247864205,40
2023-08-15,22:20,180.28598180892297,34.989523309838034,0.011093104130228681,17.635227939467004,71.45881843965398,71
2023-08-16,4:14,164.87418775816553,42.03448448846291,2.9457271376636953,-0.5345589366843626,30.90125670654869,69
2023-08-17,9:2,56.283530322737896,2.445346488968847,3.687788788696744,15.677483307099212,44.37534481387921,20
2023-08-18,21:25,124.93642073748292,212.46723802335384,1.34146945603286,7.366716547308602,41.9105241559266,112
2023-08-19,21:24,176.4401529499028,261.76430528493836,8.533041384005024,11.735183302503561,74.83858272585037,148
2023-08-20,19:36,74.81804755335253,182.97155763798543,1.6911661485492402,-8.60668964199578,45.89333978065291,86
2023-08-21,4:33,126.92305774412954,14.456694780275592,7.177636885880779,34.56855942125822,50.23732161376906,49
2023-08-22,1:6,117.39045788510512,40.228609810849804,0.2064627165504651,-9.07792561668793,64.69686381681034,52
2023-08-23,15:8,15.572487694215354,154.70973885516133,9.647666469294148,14.295479021504672,26.914889357778264,59
2023-08-24,1:29,102.26754696780907,57.19506460000624,6.029710535199189,32.17735021760859,44.805852006675195,55
2023-08-25,6:56,135.23963579536942,54.72736963080441,6.00034127377825,2.1915915458209714,58.227137562287695,65
2023-08-26,20:12,153.3743356079932,184.11546497195388,5.800082100735305,21.996391348241097,28.51527583319718,114
2023-08-27,12:52,105.81576070551111,114.81571777691362,4.354956781599798,-4.377767939917435,41.64026079354649,74
2023-08-28,18:34,116.53130077762081,173.35353839916962,7.467491224623691,5.3409878774075725,32.26841475934222,99
2023-08-29,12:53,4.1811642128490645,152.23112068334487,6.502571123883331,11.822310550161117,55.01487675513127,54
2023-08-30,22:38,90.10440690813736,198.56070899132627,3.356146879226122,3.0830263872167443,35.25351172053469,97
2023-08-31,10:51,49.189926301730644,179.9336263358777,5.309441324197665,17.760629293438537,65.55955993022707,78
2023-09-01,8:27,97.20878047034911,162.88944879192132,0.6251050096002231,-8.946017743711245,30.734158122950863,86
2023-09-02,5:32,134.98393267914557,82.02267869291657,8.662499693443777,31.374157283820253,24.002344115892466,75
2023-09-03,0:11,142.43496446491645,279.02827900866146,8.530961499229157,-3.4187927184134717,37.557683134148625,143
2023-09-04,7:41,175.11238875784352,124.8712393490807,8.84387393697905,8.891320993398178,34.603586899936445,102
2023-09-05,19:57,66.33174394431427,192.40056886229306,9.796642851752463,2.567924394387001,61.15401436080598,89
2023-09-06,11:25,199.17490645349156,16.208518304997288,0.047897868046310466,-4.527303299150726,54.51934082577023,71
2023-09-07,4:37,112.78353844907608,108.46324504783306,4.920570480487729,4.534278740217363,20.08806822333567,75
2023-09-08,0:6,155.90353193816307,97.0572660973256,8.399855081189347,5.867702841572008,28.942811031542924,87
2023-09-09,19:23,50.120805212570495,75.77356289064467,5.496837127957001,8.165390176090614,25.642923823931692,43
2023-09-10,14:23,18.23025809542449,5.851292271143049,5.46389591405955,6.068455332184175,48.70641207841807,9
2023-09-11,8:8,13.389083189446538,14.182947714084893,2.8847771196699687,8.04203702727402,78.21566023553022,10
2023-09-12,16:33,42.363013184237005,12.657595400422817,7.494022721080937,16.95118604979721,29.673660433831017,20
2023-09-13,23:43,182.04099042696743,132.0990797619907,0.5152787969912087,17.714645455160014,29.95783422280033,104
2023-09-14,14:9,183.70202125129407,12.262204860383353,2.0380212525323826,2.3508883912505656,38.098554914506686,66
2023-09-15,8:7,33.98252545700282,275.5676456106243,0.3403175189816354,31.2966286213597,66.20303618256966,103
2023-09-16,20:40,76.87204856873988,6.3572965737241915,3.830579226135604,-8.784072246053013,41.579395382424416,29
2023-09-17,17:1,116.43943349532108,101.8997836148367,0.6347176043556113,21.864437667147097,46.77939061318247,72
2023-09-18,13:22,135.73266533457067,124.37297548451477,7.528193115744922,22.53827237886083,74.38567830305978,89
2023-09-19,7:56,160.62168067531954,218.03024336041727,8.526398117892429,30.930302463286544,44.68706239778203,129
2023-09-20,20:58,80.88912745239905,176.3071891608133,9.422153647729441,-8.350387637535817,47.51502155640631,88
2023-09-21,5:31,102.10567335055973,153.92040888734928,0.9439119058350742,-5.26563277032884,69.245101708449,85
2023-09-22,11:57,154.13820945602404,172.02536630298187,8.880502118135649,20.495493484094453,22.92340437506393,111
2023-09-23,20:42,42.49622466726508,109.93086118109805,2.1914531980058127,10.156868078717942,66.07483806200291,51
2023-09-24,1:59,30.560300810075947,144.99658045209347,1.8175670128385024,-1.5028370823349366,42.89936015189828,59
2023-09-25,20:39,140.34266376221626,42.98000400090917,7.837818462877192,26.59504649936364,37.02217178289382,63
2023-09-26,5:15,103.0645581847518,35.00144874831669,9.015765441357239,21.949091954434245,26.546923316985254,49
2023-09-27,17:33,124.91744952606314,298.7165307753871,0.19797180145579074,27.557166120161654,72.78006649681885,141
2023-09-28,12:33,193.48041146912124,184.4806487785583,1.6803816571734531,6.950091290282277,60.90821236505607,126
2023-09-29,2:14,103.03207477034977,19.31446082449646,0.44457901564471936,18.24611567493619,27.515974311407238,40
2023-09-30,3:3,79.80184028055437,84.99028622666317,7.9313541120085045,3.785663923673104,68.08147247366921,57
2023-10-01,0:45,109.37558316806282,189.17263660027106,3.2038629990422143,-9.857085750676362,43.27376749947118,100
2023-10-02,9:2,111.6790051152987,186.69651203922282,4.760941218882718,18.37549784894169,44.351260025197995,101
2023-10-03,20:26,39.305124100995606,61.4780830875315,7.832256412101113,13.126531429543157,44.88564564157581,36
2023-10-04,23:8,194.89646534687338,26.492127084592976,8.427272346424097,-3.5962861319046224,50.387343234204494,76
2023-10-05,2:53,131.3887999963591,229.63799216979783,2.2525692289435337,-1.538817822895334,71.9548581203172,121
2023-10-06,21:28,90.70325656465208,46.985956176416266,0.9927519715317612,-5.502002823952027,74.77519577926448,46
2023-10-07,7:55,36.186007333075196,90.51925670735605,9.944454504042035,15.92764258990486,66.28790269386839,45
2023-10-08,10:53,79.09185889498154,145.60837650103093,8.778108402265211,18.22745672102862,24.35994733968655,77
2023-10-09,15:18,78.83829054492581,80.50737936486709,6.4248854009489795,21.627598294365477,23.119121262337035,55
2023-10-10,1:14,168.76516602976784,261.0998229694896,7.8514481433817265,14.31006513100058,73.80770066712068,145
2023-10-11,5:37,1.962278547026508,154.41633605819268,8.455227895745,33.551529198445884,25.50432369013987,54
2023-10-12,10:26,85.72430611022273,137.76392357611817,9.082684141057127,-3.0331961646173813,48.551144627491325,77
2023-10-13,8:3,8.873615820153201,101.84679472416678,1.7054355665984156,8.500429535013705,73.77834359496545,37
2023-10-14,16:37,112.33757102961104,67.98144131445696,8.960972917981387,30.154158359445283,33.57627721221819,63
2023-10-15,23:59,108.76829833183214,71.61608107776112,1.007668408419432,12.212192758319958,65.83596242371911,60
2023-10-16,16:53,56.38922393912391,169.19016953532008,4.291111338867974,30.340859695219507,66.92407022139464,76
2023-10-17,8:58,33.31300401015269,176.664430478547,5.389907877254762,-4.31717995542643,52.1916453681143,71
2023-10-18,18:13,150.0663293282485,103.28807572935223,6.40028024752227,7.485894297161778,42.23209291695302,86
2023-10-19,17:19,118.57092208481768,8.926518318703813,2.037265728078065,14.685278538824146,30.714278499838063,43
2023-10-20,11:2,198.22162159966982,292.7462856891061,3.4546471524564417,30.914265059579144,63.95989912420627,164
2023-10-21,0:54,103.86444312063965,50.66177586326129,4.7925120783732105,24.11591556634763,76.42408871786753,53
2023-10-22,19:10,44.63675911372435,72.05866033688235,8.745992646295708,4.240814078576129,67.03498204756409,41
2023-10-23,23:17,188.44419407433463,188.38002316731166,2.1429468749585636,28.989780365601135,59.199491911919964,126
2023-10-24,13:38,190.5548179664659,153.1945448694405,3.9089380140088457,15.84251172030367,35.86049214781409,115
2023-10-25,21:0,112.67802619839922,61.37004680894146,7.919574939296483,24.683230018821924,53.84804762072719,60
2023-10-26,21:41,98.7836040303588,62.85493075204956,2.894279836148482,17.08541213790347,69.29620165757062,54
2023-10-27,6:48,166.9539139556245,22.293009572136647,2.5234321666071633,26.935952851382822,36.65217719248139,63
2023-10-28,0:36,131.3264005516607,21.871553374702923,8.074351011099912,-8.089360296214904,32.54057462876812,53
2023-10-29,21:17,155.93127200070026,61.67081286670175,6.930894649397078,31.310012816814414,75.08719542908555,74
2023-10-30,0:54,171.87608391254503,120.65074961983095,6.303267054434957,15.647031717850957,71.86952178762255,99
2023-10-31,6:59,85.7192126684223,166.76663649768798,7.680227833762481,30.281296856753706,73.36684023854897,86
2023-11-01,2:50,2.6947670756811037,126.95268357937395,4.196667679820527,18.705632278572104,26.995017979514127,44
2023-11-02,8:34,8.205711837411101,133.59138426168556,8.653902944184109,20.482057684073627,66.5368894975793,50
2023-11-03,9:6,90.06941126635549,1.4585056616706615,2.1686695632186206,30.85096767904198,66.31242951766839,31
2023-11-04,14:6,172.01176798512034,189.29033788176866,3.093522164225282,-4.897326547604145,74.19164202990488,121
2023-11-05,22:58,58.66417187772272,78.21169548786206,1.9552879898781805,11.956854102346373,50.95483979825595,46
2023-11-06,16:51,128.06305322190042,151.14116175193612,7.070065415942138,16.070887116488663,50.16925842128512,95
2023-11-07,1:15,66.31780124613715,202.27985091917117,9.246291436575216,33.32306128570852,49.19630938735783,92
2023-11-08,2:16,174.4542841930579,132.06235889118554,3.8965940021954015,21.332628760559842,76.6463580984811,103
2023-11-09,3:31,126.05354529414605,113.91097638423707,1.214585482421111,8.277692853213289,30.59858186150668,80
2023-11-10,6:2,26.848495528415395,147.356697595902,3.249078822930981,5.503517752473998,50.87936562866392,59
2023-11-11,1:5,196.78095070934563,135.70830605642158,7.22309128256715,-6.086914388272207,39.68194315032868,113
2023-11-12,0:38,118.41817919861226,157.62539056399893,5.258344929639901,27.30680488564012,30.471502059432513,93
2023-11-13,5:9,140.13914570211276,184.00508754714443,4.929153721147591,-5.160609914244142,53.52466699330331,109
2023-11-14,10:55,39.318327715997235,250.14649538115813,9.302326441562883,20.825514579919098,37.36890461058359,99
2023-11-15,6:1,166.70811025981692,293.02799430538613,5.017296628705887,15.048362556520345,43.56446708201358,154
2023-11-16,18:1,130.16481430513974,186.91969129270933,5.498583755658322,17.06191670094574,25.844292546230704,107
2023-11-17,5:26,101.68064082847398,4.21844342643306,9.556354829489448,20.942001389720485,45.15763495794993,38
2023-11-18,2:52,123.05063028784897,34.47402954908804,9.161076322869432,31.08649508673779,44.545672428457216,55
2023-11-19,21:5,197.12335194542402,127.97157216709404,9.660119256017573,-2.689553191946037,51.18422930806034,111
2023-11-20,12:28,69.10175796005392,221.53274914222166,6.794227851590255,15.260367783436653,34.88029626443474,99
2023-11-21,3:45,152.5112942159164,7.486000322674036,5.295357390756373,22.07333738831189,59.02080548671658,55
2023-11-22,12:45,57.38417203979176,263.8485968585467,9.302505353745943,-4.133723576637641,50.95753799559615,110
2023-11-23,7:45,192.35410352545526,295.4122475859502,3.22079959844059,17.449809233019696,77.87838444702547,163
2023-11-24,3:52,21.12629897946676,298.73394983211307,1.8110062469487365,-3.1232545020362714,72.78466479655528,107
2023-11-25,20:17,184.60378493941957,34.85433817040779,5.491650609232687,-9.454278304444605,21.551753056003765,74
2023-11-26,22:54,198.77433456462697,100.63448467941973,7.05743088746647,30.15146626903408,55.43933209764072,102
2023-11-27,15:3,188.88370058308493,278.9349866223781,6.128357737344375,4.181773409100565,79.70848081543159,157
2023-11-28,10:39,113.99484796929356,185.5814832787907,9.36931008865163,-3.7326764723839085,27.406471770537905,102
2023-11-29,5:33,69.84715359435589,135.10998622300747,3.0258836160942595,29.429645603541545,73.49593453237824,69
2023-11-30,9:52,12.823066166354135,137.49552681639733,3.079485473350373,20.69006670087911,68.85832079050425,51
2023-12-01,10:11,151.1278487131257,259.3588460992386,3.4899785553013496,2.8000856871523006,60.25852270921974,137
2023-12-02,12:0,158.41552033523342,43.18140718557038,5.741887385265341,7.3497357005613,31.216644010510397,69
2023-12-03,14:27,152.4511123074572,155.34771515575494,3.9662242704175013,32.75446869051488,79.4931652997536,103
2023-12-04,5:8,137.3052661597524,294.0636505717927,2.128341724264362,28.35426686547565,75.01124803811939,144
2023-12-05,23:42,48.250209217874215,239.1655972554606,9.01449051139313,28.570870812024225,33.61260097295565,98
2023-12-06,21:44,171.462981101714,87.93242168289183,0.07847551586439017,2.988257105180711,78.16589208874919,86
2023-12-07,5:5,189.44066476061207,16.488005922528203,6.022659989619003,33.5385646576477,52.70097037849775,70
2023-12-08,23:47,120.09650131874892,128.97324150903472,8.802494009809289,3.2263185054276935,77.60763884292854,85
2023-12-09,16:16,165.02158708611333,220.23362718591497,2.408857449961699,23.5803528480045,51.74580911198837,129
2023-12-10,20:46,149.8770523684197,206.99535776203012,5.170388224291345,33.51349415482052,78.77068963787457,120
2023-12-11,20:50,182.68508319661808,165.1118698342613,8.972892357018779,6.067892374298488,47.33876985657362,118
2023-12-12,7:38,116.58559151897012,4.075862124089102,4.627718562430168,21.091847838781927,52.0232282172569,41
2023-12-13,8:58,79.59827584357288,157.24431381530312,0.7256523186856045,24.313474959741768,25.89026520734796,79
2023-12-14,2:10,95.79690433264673,80.58435571035568,6.548228325353639,4.113350405203903,27.72748842323545,60
2023-12-15,13:22,20.97844028839775,37.98335474351746,0.5054990166954121,27.187038433884652,70.12480647805043,19
2023-12-16,23:29,43.362891409719495,104.88153674717596,1.5244632746801834,22.1882110802446,62.96418874550027,49
2023-12-17,19:48,53.748038353810166,60.865146807949955,7.606000597334416,18.29708949541509,73.91537323928816,40
2023-12-18,23:10,48.66285423718972,205.8448480076467,2.1074398474031533,16.212314177022126,73.27744700038296,85
2023-12-19,12:11,81.61792082038477,47.41859471103095,7.9689993173490015,4.501990730337065,60.101944190001326,45
2023-12-20,21:49,23.165960704558962,169.56828386238556,4.270174058466326,17.006070547206225,40.34250459862177,65
2023-12-21,16:8,53.882266268498434,252.04286311805723,8.593675788770947,14.708492843482642,74.21167713730728,104
2023-12-22,10:34,199.1151881204266,142.95507060357096,6.717408046069711,2.6531672803941557,33.536786882737744,116
2023-12-23,10:39,158.45394754399166,51.87402479846539,8.279379845009498,15.425001794368143,29.766313712153504,72
2023-12-24,19:35,8.367402552997927,174.85447587240463,1.628617694440302,33.251113171184784,21.573434973760243,61
2023-12-25,8:35,168.89313459576232,44.87340523465634,6.288780864289869,20.231326558226144,63.42176703582851,73
2023-12-26,4:24,66.43871433537709,139.27274259383674,4.9638616033972935,29.03136665026358,43.52608452217024,70
2023-12-27,14:35,4.772948296817403,170.03417840063761,9.969863995520544,-3.466567111537371,67.71694912706988,61
2023-12-28,7:45,45.011461391054695,103.3125540863927,1.5422795919251608,11.026235640049354,26.785315646261747,49
2023-12-29,9:45,123.97699705693815,259.82321898044,7.962094294195193,9.125145765360156,57.735405204013375,130
2023-12-30,20:40,86.66329706458468,249.91128400037178,3.159332113414969,-2.851847439681096,49.82911342894942,113
2023-12-31,7:25,5.069478554369855,249.17079975595772,0.8229896564693373,15.098604490922803,43.3304050048273,85
